id,file_path,title,content
1,/Users/arjun/Documents/github/smart-agent/docs/sop-docs/portions_sop/intelligence_portion.docx,intelligence_portion,"Title: Mind's Eye Elixir: An Alchemical Guide to Enhanced Intelligence



Introduction



In the pursuit of wisdom and knowledge, alchemists have long sought to create potions that enhance the mind's natural abilities. The Mind's Eye Elixir is a concoction of the highest esteem, designed to sharpen the intellect, improve memory, and expand the capacity for understanding complex concepts. This guide provides a detailed overview for crafting this powerful potion, aiding those who seek to push the boundaries of their cognitive abilities.



Chapter 1: Sanctum of Wisdom



The creation of the Mind's Eye Elixir requires a space dedicated to thought, learning, and concentration. Your alchemical workspace should be organized, quiet, and filled with items that inspire intellectual pursuits, such as books, symbols of the elements, and geometric figures.



Essential Tools:



A clear quartz cauldron, to enhance mental clarity

Glass or crystal flasks for storage

A silver mortar and pestle, for its association with the moon and the mind

Feather quill or pen, for recording precise measurements and observations

An azure flame burner, to provide a consistent and clean source of heat that aligns with the energies of knowledge

Chapter 2: Ingredients of Enlightenment



Selecting the right ingredients is crucial for the efficacy of the Mind's Eye Elixir. Each component is chosen for its symbolic and magical properties related to intelligence and wisdom.



Sage Leaves: Known for its properties of wisdom and mental clarity. Sage is essential for clearing mental fog and enhancing concentration.

Ginkgo Biloba: An ancient herb that improves memory and cognitive speed, connecting the user to the ancient wisdom of the Earth.

Owl Feather: A symbol of insight and knowledge, imbues the potion with the ability to see beyond the surface.

Crystal Shard of Fluorite: Enhances mental order and clarity, facilitating the organization of information.

Essence of Silver: Associated with the moon and intuition, it helps to open the mind to new ideas and perspectives.

Powdered Amethyst: Promotes calmness and clarity, protecting the mind from becoming overwhelmed by the influx of new information.

Chapter 3: The Brewing Process



Crafting the Mind's Eye Elixir is an act of dedication to the pursuit of knowledge and requires meticulous attention to detail.



Purification: Cleanse your workspace and tools with smoke from burning sage to ensure a clear and focused environment.

Ingredient Preparation: Grind the sage leaves and ginkgo biloba into a fine powder with your silver mortar and pestle. Carefully add the owl feather and crystal shard of fluorite to the mixture, focusing on your intention for enhanced intelligence.

Combining the Elements: Place the powdered mixture in the clear quartz cauldron. Slowly add essence of silver while stirring clockwise, symbolizing the opening of the mind's eye.

Infusion of Knowledge: As the potion simmers over the azure flame, meditate on your desire for wisdom. This step infuses the potion with your personal quest for understanding.

Final Touch: Just before removing the potion from the heat, sprinkle powdered amethyst over the brew. This acts as a protective barrier, ensuring that the enhanced cognitive abilities are used wisely.

Chapter 4: Utilization and Precautions



The Mind's Eye Elixir is potent and should be used with respect for its power. A single drop under the tongue is sufficient for an effect lasting several hours.



Moderation: Overuse can lead to mental fatigue or overwhelm due to the influx of thoughts and ideas. Limit consumption to once per lunar cycle.

Side Effects: Some may experience heightened sensitivity to light or sound, a byproduct of the potion's amplification of sensory perceptions.

Integration: After the potion's effects diminish, spend time in quiet reflection or journaling to integrate the insights and knowledge gained.

Conclusion



The Mind's Eye Elixir offers a window into the vast potential of the human mind, facilitating a deeper understanding of the mysteries that surround us. This guide serves as a foundation upon which to build your alchemical and intellectual pursuits. Remember, true wisdom lies not just in the acquisition of knowledge, but in its application for the greater good. May your mind be ever open, and your path to enlightenment clear."
2,/Users/arjun/Documents/github/smart-agent/docs/sop-docs/portions_sop/magic_portion.docx,magic_portion,"Title: The Arcane Brew: A Beginner's Guide to Crafting Magical Potions



Introduction



Welcome, aspiring alchemists, to the mystical and captivating world of potion making. This ancient art, steeped in tradition and shrouded in mystery, offers endless possibilities to those willing to delve into its secrets. From healing elixirs to transformative concoctions, the craft of creating magical potions requires not only knowledge and skill but also intuition and a connection to the natural world. This guide aims to illuminate the path for beginners, providing you with the foundational principles, techniques, and recipes to begin your journey into the arcane arts of potion brewing.



Chapter 1: The Alchemist's Sanctuary



Before embarking on your potion-making journey, it's essential to prepare your sacred space. An alchemist's sanctuary, or laboratory, should be a place of peace, concentration, and inspiration. It should be well-ventilated and equipped with the necessary tools of the trade:



Cauldrons and flasks of various sizes

Mortar and pestle for grinding herbs and minerals

Pipettes and measuring spoons for precise ingredient addition

Heat sources such as a magical flame or enchanted stove

Shelves for organizing herbs, crystals, and magical artifacts

Remember, the energy and organization of your space significantly influence the potency and efficacy of your potions.



Chapter 2: Ingredients of the Arcane



The power of a potion lies in the harmony of its ingredients. These components can be broadly classified into three categories:



Herbal Elements: From the healing touch of lavender to the strength of oak bark, the plant kingdom offers a plethora of ingredients for various effects.

Mineral Components: Crystals, metals, and salts imbued with magical properties can enhance or direct the magical energies of your potions.

Mystical Essences: Items of magical origin, such as phoenix feathers, dragon scales, and unicorn tears, provide potent magical energies that can significantly amplify your concoctions.

Sourcing your ingredients from the wild lends an extra potency to your potions, but always harvest with respect and gratitude.



Chapter 3: The Art of the Brew



Potion making is more than just following a recipe; it's an art that involves intuition, creativity, and a deep connection with the ingredients. Here are the basic steps to brewing your first potion:



Purification: Begin by cleansing your workspace and tools to remove any lingering energies that might interfere with your brew.

Selection: Carefully select your ingredients, paying attention to their properties and the desired outcome of your potion.

Preparation: Prepare your ingredients by grinding, chopping, or macerating them to release their magical properties.

Activation: Combine your ingredients in your cauldron or flask, using a heat source to activate their magical energies. Chanting spells or incantations at this stage can enhance the potion's effects.

Infusion: Allow the potion to brew, infusing it with your intentions and desired outcomes. The timing can vary from minutes to days, depending on the complexity of the potion.

Completion: Once the potion is brewed, strain it into bottles or vials. It's crucial to label your potions, noting their purpose and the date of creation.

Chapter 4: Basic Potion Recipes



To start you on your path, here are three basic potion recipes:



Healing Elixir: A soothing potion to mend minor wounds and alleviate pain.

Elixir of Clarity: A brew that clears the mind, enhancing focus and memory.

Potion of Vitality: A revitalizing drink that boosts energy and invigorates the spirit.

Each recipe includes a list of ingredients, step-by-step instructions, and the appropriate incantations for activation.



Conclusion



Potion making is a lifelong journey of discovery, experimentation, and connection with the magical world. This guide serves as your first step on the path, but remember, the true power of potion making lies within you. Embrace your intuition, respect the natural world, and always use your powers for the greater good.



May your cauldron never run dry, and your potions always brew true. Welcome to the enchanting world of magical potions."
3,/Users/arjun/Documents/github/smart-agent/docs/sop-docs/portions_sop/speed_portion.docx,speed_portion,"Title: Fleetfoot Elixir: The Alchemist's Guide to Supernatural Speed



Introduction



In the realm of magical concoctions, few potions are as sought after as those that can grant the imbiber supernatural speed. The Fleetfoot Elixir is a potion that has been refined through ages, a secret blend of ingredients that awaken the latent energies within, propelling one's physical capabilities beyond mortal limits. This guide is designed for the adept alchemist seeking to craft an elixir that enhances swiftness, agility, and endurance, allowing one to traverse great distances in the blink of an eye or outpace any adversary.



Chapter 1: Preparing Your Sanctuary



The creation of the Fleetfoot Elixir requires precision, focus, and an environment that resonates with the energies of swiftness and movement. Prepare your alchemical workspace by ensuring it is clean, well-organized, and surrounded by symbols of speed such as feathers or images of swift animals. The ambiance should inspire quickness; some alchemists prefer to work with light, energetic music playing softly in the background.



Necessary Tools:



A silver cauldron (to conduct the magical energies effectively)

Crystal flasks for storage

A mortar and pestle made of basalt (for grounding and mixing the ingredients)

Athame or knife (for finely chopping ingredients)

A quicksilver thermometer (for precise temperature control)

Chapter 2: Gathering the Ingredients



The potency of the Fleetfoot Elixir lies in the careful selection of its components, each resonating with the essence of speed and agility.



Windflower Petals: Harvested at dawn to capture the

essence of the morning breeze, these petals bring lightness and swiftness.



Mercury Drops: Symbolic of quicksilver, mercury is used to invoke speed. Note: Handle with care due to its toxic nature.

Cheetah's Whisker: A token from the fastest animal on land, it imbues the potion with unparalleled velocity.

Ginger Root: Known for its stimulating properties, it enhances circulation, increasing energy flow.

Phoenix Feather: A feather from a phoenix not only symbolizes speed but rebirth, ensuring the speed does not wane but is renewed.

Crystalized Lightning: Rare and hard to procure, it captures the essence of speed itself. (As an alternative, a shard from a meteorite can be used to draw upon cosmic speed.)

Chapter 3: The Brewing Process



Creating the Fleetfoot Elixir is a delicate process that involves precise timing and specific conditions to unlock the full potential of its ingredients.



Purification: Begin by purifying your cauldron and tools with a light sage smudge or by passing them through the smoke of burning lavender to cleanse and align them with your intention.

Ingredient Preparation: Use the athame to finely chop the ginger root and cheetah's whisker. Grind the windflower petals and crystalized lightning into a fine powder using the mortar and pestle.

Brewing: Start by gently heating the cauldron over an enchanted flame. Add mercury drops to the cauldron, followed by the powdered ingredients. Stir the mixture in a clockwise direction, focusing on your intention for speed and agility.

Infusion: While the mixture simmers, hold the phoenix feather over the cauldron, allowing its essence to be absorbed by the potion. This step requires precise timing; the feather should be introduced for exactly 33 seconds to capture the fleeting nature of speed.

Finalization: Once the potion turns a shimmering gold, indicating its readiness, remove the cauldron from the heat. Let it cool before decanting into crystal flasks. Seal the flasks with wax and mark them with the symbol of a cheetah for identification.

Chapter 4: Usage and Cautions



To activate the Fleetfoot Elixir's powers, the user must drink no more than a thimbleful before embarking on their journey. The effects last for an hour, granting extraordinary speed and agility. However, caution must be exercised:



Overuse: Repeated consumption can strain the body and spirit. Allow at least a week between uses to let your energy fields recover.

Side Effects: Some users report a sensation of lightness or dizziness post-usage. It is recommended to stay hydrated and grounded.

Preparation for the Return: As the potion's effects wane, prepare to slow down gradually to avoid disorientation or injury.

Conclusion



The Fleetfoot Elixir is a testament to the alchemist's skill and mastery over the natural elements. It serves as a bridge between the physical and the ethereal, offering a glimpse into the boundless potential that lies within us all. Remember, with great power comes great responsibility. Use this gift wisely, respecting the balance of nature and the limits of your own mortal coil. May your path be swift and your journey fruitful."
